id,first_name,last_name,gender,date,bool,age
1,Wenona,Rigby,Female,2017-09-12,true,39
2,Shell,Quarry,Female,2019-12-31,false,68
3,Rubi,Spoward,Female,2017-09-17,,15
4,Janot,Gravett,Female,2019-12-21,false,29
5,Gradeigh,Haylett,Male,2019-06-22,false,29
6,Elvis,Pero,Male,2020-02-10,true,41
7,Valerye,Zywicki,Female,2018-09-04,false,24
8,Garik,Slym,Male,2018-04-12,false,79
9,Northrup,,Male,2019-12-30,false,32
10,Bealle,Wasbrough,Male,2020-01-13,true,23
11,Emelyne,Bransdon,Female,,false,78
12,Jerrine,Matuska,Female,2019-04-07,true,65
13,Gus,Rumens,Male,2018-03-21,true,80
14,Creighton,Jacobs,Male,2019-07-23,true,34
15,Mikel,Bunyan,Male,2019-01-14,true,46
16,Lynn,Massot,Female,,false,22
17,Chrissie,Ege,Female,2019-02-27,true,57
18,Dorry,Baiyle,,2020-06-02,true,31
19,Ilaire,Picardo,Male,2019-12-07,false,19
20,Chryste,,Female,2018-08-17,false,74
21,Griffin,Ginner,Male,2017-10-16,false,46
22,Shepperd,Brigdale,Male,2019-05-05,false,31
23,Joe,Spraberry,Male,2019-04-30,true,27
24,Xymenes,Disbrey,Male,2018-02-23,,72
25,Farley,Gogay,Male,2020-07-03,true,45
26,Benson,McGeffen,Male,2017-09-13,false,46
27,Dwayne,Topes,Male,2018-12-07,false,52
28,Zita,Comelli,Female,2019-02-15,false,78
29,Melinda,Gillfillan,Female,2017-10-11,false,17
30,Farlay,Flawith,Male,2018-01-14,true,25
31,Anett,MacLeese,Female,2019-09-19,false,33
32,Aura,Blaschke,Female,2019-01-02,true,60
33,Maurizio,Gleaves,Male,2019-02-02,true,
34,Janeva,Tours,Female,2018-12-02,false,
35,Sherilyn,Hellicar,Female,2018-08-24,true,
36,Caitrin,Gunny,Female,2019-10-04,true,68
37,Tasha,Gumn,Female,2017-10-26,true,57
38,Merrel,Brounsell,Male,2019-07-28,false,62
39,Farrel,Allsupp,Male,2020-04-16,false,56
40,Tedie,Canape,Male,2018-12-12,false,
41,Vivianna,Battson,Female,,false,67
42,Bernie,Alleburton,Male,2017-04-20,true,63
43,Finley,Dodshon,Male,2018-12-07,false,73
44,Garrot,Chanter,Male,2018-01-21,true,21
45,Carmencita,Ingrem,Female,2018-05-07,false,34
46,Merill,Napolione,Male,2017-12-05,false,43
47,Marge,Fenck,Female,2017-12-10,false,
48,Sibylle,Rammell,Female,2017-11-20,false,71
49,Isabeau,Ambrodi,Female,2018-03-17,true,76
50,Major,Josse,Male,2019-02-19,,66
51,Corey,Gilbart,Female,2020-03-01,false,44
52,Matty,Mingaud,Female,2017-01-08,true,30
53,Thurstan,Vedenichev,Male,2018-11-04,false,69
54,Mommy,Trayte,Female,,false,18
55,Hayden,Passman,Male,2020-01-15,false,47
56,Rozalin,Patis,Female,2018-08-03,false,49
57,Elihu,Longfoot,Male,2020-04-25,true,20
58,Robinet,Ruffy,Female,2019-06-28,true,
59,Trista,Balding,Female,2018-01-14,true,78
60,Abdul,Garrelts,Male,2017-12-17,true,75
61,Drusie,Willmetts,Female,2017-03-11,true,25
62,Alida,Gover,Female,,true,59
63,Hersh,Cockett,Male,2019-02-06,true,23
64,Melisse,Godbehere,Female,,false,44
65,Mozes,Dradey,Male,2019-06-22,true,46
66,Lulita,Adolthine,Female,2020-04-17,true,46
67,Louella,Bilovsky,Female,2017-04-19,true,27
68,Axe,Abbe,Male,2018-04-03,true,24
69,Creighton,Ghidini,Male,2018-11-21,true,70
70,Chandal,Tregent,Female,,false,40
71,Aldin,Sandbatch,Male,2020-04-08,true,54
72,Cirillo,O'Hartagan,Male,2019-04-08,false,62
73,Alene,Rylatt,Female,2019-11-11,true,51
74,Cristi,Vercruysse,Female,2017-01-02,false,69
75,Wain,Alvarado,Male,,true,76
76,Dietrich,McCrudden,Male,2017-12-04,false,24
77,Hillery,Ferri,Male,2017-08-07,true,55
78,Mechelle,Schwartz,Female,2020-01-09,,42
79,Kath,Rickards,Female,,true,
80,Humberto,Duplain,,2020-06-13,false,28
81,Georgie,Reuben,Female,2019-07-08,false,60
82,Elinor,,,,false,52
83,Cathyleen,Minnock,Female,2018-02-23,true,23
84,Faustina,Silberschatz,Female,2018-05-13,true,
85,Vern,Kulas,Male,2018-09-18,false,80
86,Aubrey,Haddleston,Male,2018-11-23,true,40
87,Tess,Pumfrett,Female,2019-12-07,true,79
88,Gussy,Thelwll,Female,,false,60
89,Annamarie,Vaune,Female,2018-11-13,false,23
90,Xylina,Schulkins,Female,2020-03-15,true,34
91,Lilah,Maharry,Female,2018-03-10,true,49
92,Louis,Oylett,Male,2019-04-07,false,56
93,Val,Dryden,Female,2017-10-08,false,17
94,Aubine,Verbrugghen,Female,,true,60
95,,Dyball,Female,2018-01-26,true,22
96,Thadeus,Dunmore,Male,,false,45
97,Tess,Klinck,Female,2017-03-22,true,66
98,Dominic,Emmer,Male,2016-12-21,true,53
99,Tarra,Suttill,Female,2018-12-24,true,73
100,Allegra,Collingdon,Female,2019-11-27,true,46
101,Jaymee,Fessby,Female,2017-09-25,false,56
102,Hildagard,Sharvill,Female,,true,
103,Allister,Janic,Male,2018-02-03,false,18
104,Masha,Marrow,Female,,false,75
105,Kyla,Dwerryhouse,Female,2018-12-27,false,65
106,Marius,McOwen,Male,2019-07-03,true,33
107,Leia,O'Doherty,Female,,true,70
108,Jaine,Sarsfield,Female,2017-02-11,,51
109,Rodi,Jacomb,Female,2018-01-27,false,19
110,Ailis,Brownlee,Female,2019-06-19,true,15
111,Nevil,Churchley,,2020-02-26,false,41
112,Reynold,Penswick,Male,2017-01-21,false,31
113,Karrie,Diaper,,2017-03-05,true,50
114,King,Studman,Male,2020-06-01,true,58
115,Jewel,Madden,Female,2019-02-17,true,57
116,Shawna,Drains,Female,2020-01-09,false,68
117,Esdras,Murfett,Male,2019-12-09,false,42
118,Guillaume,Stellino,Male,2020-05-22,true,
119,Ebenezer,Saunper,Male,2020-05-10,false,27
120,Mart,Wethered,Male,2020-02-08,true,
121,Davidde,Haugeh,Male,2016-12-31,false,59
122,Amandy,Witsey,Female,,false,26
123,Harriot,Kowal,Female,2019-12-15,true,21
124,Wayland,Colaton,Male,,true,
125,Murry,Craisford,Male,2019-11-29,false,26
126,Bennie,Putnam,Male,2017-09-22,false,30
127,Jo,Critcher,Female,2018-09-10,false,25
128,Dagny,Bene,Male,2017-02-06,true,32
129,Chrissy,Benzies,Male,2017-11-06,true,68
130,Cornela,Lovelace,,2020-03-18,true,
131,Abrahan,,Male,2018-07-22,true,39
132,Gottfried,Megainey,Male,2018-08-10,true,76
133,Smith,Burkman,Male,2020-05-29,false,31
134,Milicent,,Female,2019-01-03,false,
135,Goldy,Cavendish,Female,2019-06-30,false,21
136,Domingo,Struss,Male,2019-12-31,false,16
137,Jillane,Woolam,Female,2019-06-25,false,19
138,Zerk,Kennett,Male,2016-12-23,true,23
139,Gustav,Maudsley,Male,2017-11-18,true,
140,Edan,Faltin,Male,2017-07-22,false,52
141,Waylin,Gronowe,Male,2018-12-25,false,42
142,Gaynor,FitzAlan,Female,2017-02-27,,37
143,Udale,Gosland,Male,2019-03-10,true,27
144,Wat,Rose,Male,2017-11-15,false,
145,Averyl,,Female,2017-10-11,true,72
146,Boonie,Bridle,Male,2018-04-12,true,64
147,Antone,Doughton,Male,2018-01-22,false,40
148,Bjorn,Daskiewicz,Male,2019-06-14,false,80
149,Aluino,Pinke,Male,2018-07-12,false,15
150,Margarete,Reinmar,Female,2018-07-26,true,15
151,Dory,,Female,2018-10-02,false,63
152,Gweneth,,Female,2017-06-08,false,61
153,Tudor,,Male,2018-01-26,false,66
154,Arlette,Hallatt,Female,2017-02-02,true,
155,Lucienne,Viegas,Female,2017-04-03,true,40
156,Rosalind,Sygroves,Female,2018-03-07,true,52
157,Redd,Collens,Male,2019-03-17,false,67
158,Chauncey,Acland,Male,2017-12-20,true,54
159,Chrystel,Lerway,Female,2018-02-22,false,66
160,Davita,Dever,Female,2019-05-25,false,62
161,Pepillo,Ivanonko,Male,,false,60
162,Esdras,Heare,Male,2020-01-12,false,16
163,Osmond,Robb,Male,2020-03-04,true,53
164,Britta,Rishbrook,Female,2017-03-29,false,19
165,Corina,Parton,Female,2019-11-06,true,80
166,Terrijo,Prate,Female,2017-03-25,true,75
167,Donica,Malser,Female,,false,51
168,Norbert,Bauman,Male,2018-12-21,false,33
169,Filberte,Fellgatt,Male,,true,
170,Chadwick,,Male,,false,64
171,Hilary,Gever,Female,2018-08-29,true,67
172,Zahara,Pearmain,Female,2017-03-09,false,65
173,Jennee,Shirtcliffe,Female,2019-09-16,false,66
174,Catie,Pelos,Female,2018-09-25,false,42
175,Vivyan,Brandenberg,Female,2019-12-07,true,20
176,Ardella,Olivie,Female,2020-04-20,true,47
177,Cathrine,Erik,Female,,false,16
178,Ulises,Vynehall,Male,2017-10-20,true,54
179,Aluino,McGooch,Male,2018-09-01,true,66
180,Lorena,Denty,Female,2019-10-27,false,49
181,Simonette,Burness,Female,2016-12-19,,21
182,Lin,,Male,2017-12-19,true,30
183,Paulo,Sellens,Male,2020-03-20,false,50
184,Babita,Brigstock,Female,2017-07-06,true,75
185,Danice,Ailward,Female,2018-08-21,true,80
186,Nickola,Molesworth,Male,2017-11-26,false,73
187,Theodore,Manvell,Male,2019-05-16,true,16
188,Paolo,Colnet,Male,2018-07-07,false,16
189,Shea,,Male,2020-01-04,true,65
190,Grove,Sinnie,Male,2019-12-09,true,16
191,Avril,Nurse,Female,2017-04-20,false,29
192,Deny,Henze,Female,2017-07-02,false,43
193,Dorisa,Ramsay,Female,2017-02-21,false,29
194,Decca,Chezelle,Male,2018-01-09,,29
195,Correy,Datte,Female,2017-10-05,true,
196,Allen,Attow,Male,,false,70
197,Minnie,Astill,Female,2019-03-22,true,69
198,Issie,Woonton,Female,2018-06-25,false,24
199,Basilius,Kunert,Male,2019-05-15,true,72
200,Tiffie,Thresher,Female,2020-03-07,false,34
201,Tommy,Greiser,,2019-09-06,false,30
202,Rolando,Le febre,Male,2018-02-15,true,47
203,Jory,Kaszper,Male,2019-10-15,false,50
204,Daffie,Houlson,Female,,true,22
205,Ignaz,Toplin,Male,2019-07-26,,79
206,Chuck,McPharlain,Male,2018-03-10,true,80
207,Ania,Sudlow,Female,2019-10-30,true,66
208,Karlik,Posnette,Male,,true,56
209,Forrester,Danilyak,Male,2019-08-29,false,41
210,Monika,Charlton,Female,2018-12-02,false,37
211,Claudius,Stickler,Male,2018-05-28,false,37
212,Dave,Burrows,Male,2019-11-24,true,65
213,Misty,Ivashnyov,Female,2017-10-17,false,65
214,Darill,McCorley,Male,2018-07-26,false,74
215,Abraham,Keaton,Male,2017-04-22,true,48
216,Jocko,Margett,Male,2019-05-09,false,34
217,Ernie,Kirman,,2018-06-26,true,60
218,Inness,Brotherwood,Male,2018-03-04,true,22
219,Fee,,Male,2017-09-08,true,62
220,Gabriel,Champley,Male,2017-01-23,false,76
221,Thorny,Newbold,Male,2017-10-16,true,20
222,Shelton,Ellwood,Male,2020-04-05,true,33
223,Randy,Dufaur,Male,2019-10-23,false,72
224,Felicio,Culvey,Male,2017-02-28,true,33
225,Winnie,Backler,Female,2018-06-22,false,64
226,Tyne,Hapke,Female,,true,72
227,Rora,Mac Giolla Pheadair,Female,,true,
228,Peggi,Philott,Female,,true,
229,Reg,Forcer,Male,2019-09-20,true,32
230,Nonna,Schustl,Female,2017-08-17,false,64
231,Kristine,Leipnik,Female,2019-10-17,true,54
232,Gayle,Kynnd,Male,2018-10-20,true,41
233,Seth,Gristwood,Male,2018-04-30,false,
234,Riane,Caselick,Female,2018-04-05,,57
235,Ninnette,Ardling,Female,2018-02-24,true,77
236,Gallagher,Cudmore,Male,2019-02-28,false,63
237,,Gatheridge,Female,2018-08-05,true,38
238,Dane,,Male,2018-10-10,true,57
239,Mitchel,Atte-Stone,Male,2020-01-16,true,50
240,Free,McLucas,Male,2019-06-13,false,62
241,Drusi,,Female,2017-04-25,,30
242,Meriel,Gurr,,2018-05-25,true,41
243,Dru,Lulham,,,true,
244,Ianthe,Learman,Female,2018-07-21,true,21
245,Bear,Beakes,Male,2018-05-10,true,65
246,Hildagarde,Gater,Female,2018-09-02,true,46
247,Emanuel,Adamowitz,Male,2018-02-28,false,25
248,Ashlan,Goatcher,Female,2019-07-30,true,56
249,Linzy,Crisp,Female,2017-11-30,true,34
250,Constantia,Ings,Female,2017-11-03,true,57
251,Jordanna,Piatkowski,Female,2018-07-27,true,
252,Caroljean,Maslin,,2020-05-26,false,22
253,Gwen,Ankers,Female,2017-01-25,true,56
254,Binni,Grog,Female,2017-12-09,true,39
255,Engelbert,Halligan,Male,2017-06-18,false,48
256,Maxy,Cockle,Male,2018-01-05,,47
257,Nancey,Dysart,Female,2018-09-14,false,62
258,Ben,Sigward,Male,2017-04-14,,68
259,Cody,Shade,Male,2017-01-01,false,71
260,Torrence,Peploe,Male,2017-07-04,false,
261,Leeland,Pamplin,Male,2019-07-25,true,73
262,Nicholle,Garmon,Female,2019-06-24,true,51
263,Bearnard,Brettelle,Male,2020-03-01,false,72
264,Andie,Bevens,Female,2020-03-13,true,34
265,Kiley,Deegan,Male,2020-01-21,true,39
266,Christi,Abby,Female,2019-02-05,false,30
267,Northrup,Oldknow,Male,2019-05-10,false,38
268,Lauri,Harlin,Female,2017-12-05,true,25
269,Emiline,Pentin,Female,2017-07-31,false,
270,Ora,Darben,Female,2018-03-13,false,
271,Hort,,Male,2019-12-19,false,68
272,Jobina,Lermouth,Female,2017-12-19,true,51
273,Patrice,Headley,Male,2020-03-27,false,15
274,Etan,Sapsford,Male,2020-06-16,false,55
275,Jeralee,Carbin,Female,2017-06-29,false,41
276,Celestia,Meritt,Female,2017-12-30,false,46
277,Yevette,Byrne,Female,2017-03-23,false,
278,Dugald,Fealy,Male,2019-03-27,true,79
279,Estevan,Dellow,Male,2018-11-08,false,39
280,Ottilie,Boyington,Female,2019-08-17,,37
281,Ottilie,Landells,Female,2017-10-21,false,46
282,Silvester,Symones,Male,2019-11-08,false,76
283,Harris,Dodridge,Male,,true,31
284,Franklyn,Povlsen,Male,2018-06-16,true,52
285,Kalina,Doutch,Female,2017-09-28,false,40
286,Wilona,Delhanty,Female,2017-08-17,false,41
287,Fey,Welchman,Female,2018-11-16,true,50
288,Stephan,Cuddon,Male,2019-12-16,true,60
289,Janaye,Brickham,Female,2018-08-23,false,44
290,Cristiano,Jerke,Male,2018-07-09,true,59
291,Jermaine,Yell,Female,2017-10-16,true,43
292,Ferris,Iannini,,2017-07-26,,30
293,Shae,Lotwich,Female,2020-06-11,,61
294,Gideon,Colleck,Male,2019-04-08,true,54
295,Tobias,Beardsworth,Male,2018-04-22,true,71
296,Arleen,Troctor,Female,2017-12-18,true,20
297,Maura,Corradini,Female,2018-09-01,true,54
298,Sawyere,Sawl,Male,2019-08-11,false,37
299,Marya,Ivy,Female,2017-04-23,false,35
300,Teirtza,Doxey,Female,2019-09-10,true,39
301,Wanids,Suffe,Female,2019-10-27,false,80
302,Mahala,Serginson,Female,2019-11-12,true,72
303,Aylmer,Filippozzi,Male,2019-08-12,,17
304,Sly,McGaraghan,Male,2020-02-12,true,37
305,Abner,Sorel,Male,2020-04-24,,51
306,Clair,Elward,Female,2018-08-19,true,78
307,Alard,Hindmoor,Male,2018-05-24,true,29
308,,Kennedy,Male,2018-04-01,,54
309,Kettie,Kleehuhler,Female,2019-11-29,true,
310,Perle,Dunderdale,Female,2019-11-26,true,21
311,Rhiamon,Thom,Female,2019-10-09,false,79
312,Kirby,,Female,2019-03-16,true,66
313,Ulberto,Geraudel,Male,2017-06-05,,53
314,Gregorius,Balsellie,Male,2019-11-28,false,51
315,Pauli,Fitzsimmons,Female,2018-12-13,true,68
316,Rachael,Longina,Female,2018-04-01,false,35
317,Irv,Lemonnier,Male,2018-11-01,true,69
318,Rania,Saban,Female,2019-05-30,true,15
319,Elfreda,Hanscombe,Female,2019-11-25,true,41
320,,Meritt,Male,2020-01-09,true,60
321,Alys,Leverton,Female,2018-06-24,false,79
322,Candida,,Female,2018-08-12,false,67
323,Darby,Matei,Male,2017-12-13,false,59
324,Billi,Cale,Female,2019-03-28,,27
325,Stephan,Muino,Male,2019-11-21,true,21
326,Karry,Weyman,Female,,,32
327,Lucian,Pykerman,Male,2018-08-16,true,42
328,Kay,Littrik,Female,,false,15
329,Mohandas,Kordas,Male,2017-07-05,true,58
330,Dominic,Moraleda,Male,2020-02-24,true,
331,Brianna,Greenall,Female,2019-03-14,false,29
332,Keene,,Male,2019-04-13,true,42
333,Sada,Dingle,Female,2019-01-29,false,55
334,Wheeler,Nannini,Male,2019-06-23,false,46
335,Merle,Farriar,Female,2019-07-20,true,48
336,Courtnay,Chicchelli,Female,2018-03-12,false,76
337,Hilly,Daw,Male,2017-06-12,false,52
338,Rosina,Salomon,Female,2019-07-04,false,22
339,Urbain,Yakovliv,Male,2020-04-25,false,58
340,Clarine,De Castri,Female,2019-09-25,true,59
341,Yancy,Beston,Male,2019-05-02,,19
342,Raina,Vardie,Female,2017-06-02,true,59
343,Krysta,Bagge,Female,2018-07-16,true,24
344,Marieann,Bloss,,2019-04-17,true,74
345,Wenona,Duchart,Female,2018-07-05,false,75
346,Phillipe,,Male,,false,68
347,Meridel,Blagburn,Female,2018-07-15,,24
348,Rebeka,Chewter,Female,2018-07-07,true,20
349,Garwood,Berthouloume,Male,2018-10-29,false,34
350,Bridie,Axon,Female,2020-03-10,,56
351,Bord,Pepis,,2016-12-24,false,18
352,Oren,Spikins,Male,,true,
353,Herschel,Franzonetti,Male,2020-06-30,false,
354,Holt,Walker,Male,2017-06-09,true,
355,Ebenezer,Tubritt,Male,2020-01-11,false,47
356,Burty,Avramovic,Male,2020-04-10,false,
357,Ginelle,Skittreal,Female,2017-11-16,true,20
358,Pyotr,Lilley,Male,2019-09-29,false,
359,Norry,Corneljes,Male,2018-03-27,false,34
360,Eran,Phizakarley,Female,2019-02-12,false,71
361,,Jennemann,Male,2019-06-14,false,
362,Skippie,Manzell,Male,2020-04-10,false,57
363,Devonna,Dawe,Female,2019-01-04,true,26
364,Miquela,Malling,Female,2019-09-08,false,
365,Amara,Veazey,Female,2018-08-21,true,78
366,Asher,Portlock,Male,2017-02-10,true,23
367,Georgetta,Obee,Female,2016-12-22,true,72
368,Yvon,Elgy,Male,2019-01-09,false,44
369,Anders,Lakes,Male,2018-06-09,true,
370,Tierney,Dashper,Female,2017-05-06,false,44
371,Rancell,Poile,Male,2019-05-06,true,18
372,Franciska,Derrick,Female,2018-11-02,true,43
373,Lori,Keese,Female,2018-09-18,true,65
374,Kristoforo,Dillon,Male,2018-01-04,true,20
375,Demetri,Yates,Male,2017-05-15,true,40
376,Joana,Limpertz,Female,2019-04-14,false,25
377,Erica,Janew,Female,2018-06-09,false,39
378,Filberto,Ellcock,Male,2018-12-01,false,71
379,Parry,Manon,Male,2018-11-30,false,34
380,Brewer,Woosnam,Male,2019-02-20,false,19
381,Selena,Gurg,Female,2020-02-18,true,24
382,Ula,Losano,Female,,true,31
383,Else,Armin,Female,2019-08-07,false,17
384,Kim,Eastop,Male,2018-08-20,true,45
385,Legra,Bemment,Female,2019-10-13,false,47
386,Cross,Brandsen,Male,2020-06-04,false,24
387,Gina,,Female,2017-10-20,false,25
388,Shellie,Guyan,Female,2018-04-07,false,77
389,Ardella,Haddinton,Female,2018-12-29,false,66
390,Griselda,Mebius,Female,2019-09-17,false,50
391,Reynolds,Agiolfinger,Male,2017-05-05,false,66
392,Garrard,Banasevich,Male,2019-06-08,true,71
393,Matthew,Chisolm,Male,2017-08-13,true,72
394,Nomi,,Female,2018-07-01,true,30
395,Harley,Smoote,Female,2017-12-22,true,40
396,Stephie,Simonnin,Female,2017-04-14,false,78
397,Rosana,Capelle,Female,2020-06-17,false,22
398,Herschel,,Male,2018-11-27,false,75
399,Bee,Kenwin,Female,2019-06-16,false,45
400,Elicia,Finlator,Female,2020-05-06,true,
401,Waneta,Cunah,Female,2018-01-06,true,76
402,Donnajean,Gergolet,Female,2017-08-05,false,37
403,Happy,MacClure,Female,2020-04-20,false,20
404,Uriah,Vsanelli,Male,2020-03-27,true,80
405,Sandy,Bernocchi,Female,2018-01-18,false,25
406,Cullan,Sheara,Male,2019-08-09,false,28
407,Rutger,Pember,Male,2017-02-17,false,60
408,Thorn,Ayers,Male,2019-11-18,true,67
409,Onfre,Marzelo,Male,2017-12-05,false,23
410,Wallie,Aucoate,Female,,true,54
411,Burl,Brimley,Male,2017-05-12,true,50
412,Yevette,Coleshill,Female,2020-04-08,true,44
413,Lou,Ansteys,,2017-07-20,true,32
414,Dix,Dondon,Female,2019-08-26,false,43
415,Obed,Bowell,Male,2017-05-02,false,40
416,Petra,Goodfellowe,Female,2019-11-01,false,48
417,,,Female,2020-06-21,false,76
418,Hildegarde,Reddell,Female,2019-09-14,true,57
419,Gianni,Overstall,,2018-02-13,false,18
420,Robinet,Sauvain,Female,2019-04-09,false,36
421,Harlen,Allingham,Male,2019-03-22,false,23
422,Olwen,Slaughter,Female,2018-08-27,false,24
423,Lethia,Dewire,Female,2017-09-12,false,76
424,Llewellyn,Decourt,Male,,true,
425,Lavinie,Powdrill,Female,2019-11-15,true,17
426,Wilfred,Flanders,Male,2019-10-30,false,24
427,Marshal,Chung,Male,2017-05-03,true,35
428,Guilbert,Dunkley,Male,2018-05-15,false,64
429,Nye,Sheehy,Male,2019-11-28,true,
430,Kathryn,Seedhouse,Female,2020-05-10,true,79
431,Nellie,Brittan,Female,2019-08-21,false,64
432,Artus,Feeham,Male,2018-05-30,true,18
433,Daloris,Soloway,Female,2019-11-16,true,55
434,Genni,Pepperell,Female,2019-05-31,true,77
435,Jenifer,Luckett,Female,,true,39
436,Susanna,Normand,Female,2019-10-28,true,24
437,Benoit,,Male,2019-06-07,true,
438,Peggie,Guiton,Female,2019-01-22,false,
439,Herta,Brandom,,2017-06-13,true,72
440,Rona,Southerton,Female,2019-09-26,false,36
441,Deeann,Burkman,Female,2019-03-13,false,32
442,Alexis,Dimbleby,Male,2017-01-14,false,62
443,Modestia,Blanckley,Female,2017-11-20,true,57
444,Bobbi,Lipp,Female,2018-10-15,true,48
445,Byrom,Kimbrough,Male,2019-07-18,false,
446,Ardine,Bonwell,Female,2018-01-05,true,22
447,Park,Boumphrey,Male,2017-01-15,false,35
448,Crosby,Limprecht,Male,2017-02-15,false,16
449,Flss,Crabb,Female,2019-01-03,false,24
450,Augie,Wiersma,Male,2018-01-10,,45
451,Avrit,Kew,Female,2019-02-14,,19
452,Roarke,Johnsey,,2019-07-17,false,41
453,Fabiano,Ommanney,Male,2019-03-25,true,67
454,Nadean,Riding,Female,2019-01-14,false,48
455,Fritz,Jennens,Male,2018-10-15,false,43
456,Frank,Orwin,Female,2019-01-13,false,72
457,Gustavus,Hurt,Male,2017-10-13,false,38
458,Nathalie,Conry,Female,2019-07-17,false,40
459,Kirbie,Richin,Female,2018-01-19,true,68
460,Briano,Milton-White,Male,2019-08-24,false,77
461,Agnese,Tapton,Female,2017-04-20,false,67
462,Menard,Doughill,Male,2019-02-16,false,65
463,Deeanne,Furley,Female,2017-03-04,false,22
464,Karrie,Ackland,Female,,true,49
465,Amelita,Mattiacci,Female,2020-02-17,false,40
466,Jorrie,Milliere,Female,2017-05-23,false,77
467,Trumaine,Capini,Male,2018-12-12,true,77
468,Jerrold,Gavrieli,Male,2018-06-22,false,78
469,Bondie,Patry,Male,2020-01-10,false,28
470,Dyane,Willerstone,Female,2017-07-01,false,56
471,Misti,Mabb,Female,2018-03-03,true,25
472,Kettie,Cornewall,Female,2019-07-01,false,26
473,,Rogger,Female,2019-10-18,true,
474,Ethelda,Deville,Female,2019-11-25,false,15
475,Corty,Vader,Male,2017-01-29,false,27
476,Jasmin,Wilmott,Female,2017-02-16,true,43
477,Hartwell,Bailey,Male,2020-02-12,true,41
478,Haroun,Crowest,Male,,true,27
479,Sosanna,Grayer,Female,,false,70
480,Mickey,Stickles,Male,2018-02-23,false,77
481,Harmonie,Swatridge,Female,2017-11-20,false,60
482,Silvan,Hugin,Male,2017-04-10,false,70
483,Richmound,Edelston,Male,2019-06-29,false,74
484,Joane,Cookman,,2019-05-27,false,32
485,Samuel,Hollows,Male,2020-01-16,true,43
486,Agnese,Strickland,Female,2017-10-31,,18
487,Letty,Axel,Female,2017-12-09,false,71
488,Becka,Habble,,2019-11-20,false,34
489,Glynn,Limb,Male,2019-12-25,true,30
490,Amandie,Bogeys,Female,,false,36
491,Timmie,Plester,Male,2017-12-03,true,63
492,Lula,Cotterill,Female,,false,24
493,Guss,Paulisch,Male,2019-01-29,true,78
494,Bryanty,Etock,Male,2018-04-22,false,74
495,Bunni,Iacovazzi,Female,2017-01-01,false,56
496,Aundrea,Johncey,Female,2019-09-29,false,29
497,Lynnett,Mursell,Female,2018-11-15,false,67
498,Pollyanna,Boldison,Female,,false,25
499,Lianna,Brogioni,Female,2017-08-18,true,43
500,Stephan,Cathenod,Male,2020-04-16,false,66
501,Ellette,Henighan,,2019-10-03,true,64
502,Jordon,Jeal,Male,2018-01-18,false,
503,Jasmine,Meyer,Female,2017-10-29,true,50
504,Barby,Ipgrave,Female,2020-05-25,true,45
505,Dolph,Brammall,Male,2019-07-14,true,19
506,Amabel,Puleque,Female,2020-01-01,false,80
507,Ferd,Anthonies,Male,2020-05-06,false,33
508,Bruis,Pomery,Male,,false,70
509,Jocelyn,Fricke,,2017-02-12,false,76
510,Hoebart,Dymoke,Male,2018-01-09,true,69
511,Celene,McLanachan,Female,,true,21
512,Dorthea,,Female,2020-02-26,false,41
513,Lorna,Grove,Female,2018-12-22,true,75
514,Weston,Burkin,Male,2020-03-28,false,
515,Burnard,Schultze,Male,2017-01-11,true,64
516,Kimmy,Taaffe,Female,2017-06-10,true,22
517,Madelle,Straker,Female,2017-06-05,true,72
518,Julie,Mobius,Female,2020-01-11,false,78
519,Valma,Hammond,,2020-06-19,true,72
520,Any,Shortcliffe,Male,2018-06-15,false,36
521,Terrill,Domokos,Male,2017-12-04,false,70
522,Sauncho,Kase,Male,2017-12-27,true,80
523,Dolf,Surmeir,Male,2017-12-17,false,21
524,Bryn,O' Concannon,Male,2018-10-17,true,59
525,Alejandra,Lowing,Female,2019-04-30,,60
526,Rebeka,Bees,Female,2017-04-05,false,64
527,Yalonda,Dunckley,,2018-07-20,true,77
528,Byrle,Wardrop,Male,2018-07-22,true,32
529,Tobias,Touzey,Male,2017-07-27,false,58
530,Adda,Trethewey,Female,2019-08-19,false,60
531,Frazier,Alderwick,Male,2018-12-02,true,50
532,Cherey,,Female,2018-06-19,false,58
533,Phillipp,Revill,Male,2019-08-25,true,34
534,Hayden,Offield,Male,2017-09-17,false,
535,Aloisia,Quayle,Female,2019-11-09,true,71
536,Gerda,Tempest,Female,2017-03-19,false,21
537,Rocky,Urwen,Male,2016-12-12,false,48
538,Matias,Boshell,Male,,true,59
539,Dotti,Enefer,Female,2016-12-15,true,73
540,Teddi,,Female,2020-03-19,false,72
541,Jeane,Hellyer,Female,2017-12-27,false,66
542,Cahra,Galsworthy,Female,2018-12-18,true,67
543,Meriel,Ismead,Female,2017-01-01,false,66
544,Roger,Jessep,Male,2018-10-24,false,79
545,Edgardo,Lassey,Male,2019-10-04,true,17
546,Amelia,Greenley,Female,2019-12-26,false,32
547,Roderich,Szubert,Male,2018-02-26,true,39
548,Josepha,Ryburn,Female,2017-05-08,false,50
549,Victor,Dublin,Male,2020-02-01,true,45
550,Mattias,Hurles,Male,2019-02-13,true,65
551,Archibald,Toy,Male,2019-05-31,false,
552,Conny,Pavkovic,Female,2019-12-01,true,20
553,Ortensia,Treleven,Female,2017-08-30,true,62
554,Alva,Adnett,Male,2018-11-26,false,75
555,Enrique,Newlove,Male,,false,
556,Zachariah,Chatfield,Male,2019-10-05,false,
557,Quillan,Lahrs,Male,2017-08-09,false,18
558,Orton,Burrell,Male,2018-09-16,false,43
559,Kelila,Van den Broek,Female,2019-06-05,false,22
560,Roland,Coots,Male,2019-11-10,false,
561,Quinlan,Twist,Male,2018-06-22,false,
562,Koren,Rubinfajn,Female,2019-03-11,false,41
563,Geoffrey,Coolahan,Male,2017-01-22,true,69
564,Viviana,Seage,Female,,false,20
565,Sam,Wolpert,Female,2017-08-11,true,58
566,Antonin,Thrush,Male,2019-01-19,true,69
567,Moshe,Hartzogs,Male,2020-06-12,true,59
568,Dorotea,Ockleshaw,Female,2018-08-03,false,
569,Tabbitha,Postles,Female,,true,42
570,Desmond,Mayes,Male,2019-09-05,false,37
571,Winnifred,Dench,Female,2019-05-19,false,17
572,Ranice,Dutchburn,Female,2018-08-25,,80
573,Garv,Laister,Male,2018-01-17,false,43
574,Silvie,Lough,Female,2019-05-30,false,48
575,Arman,Dillintone,,2020-03-14,true,
576,Giffer,Shoppee,Male,2017-05-16,true,51
577,Gabby,McKea,Male,2017-04-16,true,53
578,Gretel,Niemiec,Female,2019-05-27,true,37
579,Zorah,Grissett,,2019-01-04,true,54
580,Eimile,,Female,2019-11-17,true,26
581,Silvester,Sent,Male,2017-12-28,true,
582,Brandy,O'Grady,Male,2017-06-05,true,34
583,Rorke,Snassell,Male,,true,76
584,Nerita,Hughesdon,Female,2019-04-18,true,31
585,Lezley,Croan,Male,2017-10-13,false,54
586,Dita,Gambie,Female,2017-09-09,false,22
587,Xylia,Ayer,Female,2016-12-23,false,60
588,Temp,Stenners,Male,2018-04-16,true,26
589,Emmalee,Norcliff,Female,2017-10-07,false,35
590,Josias,Carnachen,Male,2017-02-02,true,34
591,Hermann,Crannis,Male,2017-09-23,true,76
592,Dinah,Jiru,Female,2019-01-02,false,68
593,Earvin,Rought,Male,2017-11-04,true,50
594,Mikkel,Pashby,Male,2019-10-17,false,15
595,Demott,Crayton,Male,2019-04-22,true,30
596,Harley,Hixley,Male,2017-11-12,false,74
597,Tildi,Lodford,Female,2019-03-20,true,19
598,Alena,Lambshine,Female,2017-11-12,,59
599,Lazaro,Synan,Male,2018-08-05,false,79
600,Jules,Fremantle,Male,2018-09-19,true,62
601,Alphonse,Illesley,Male,2018-09-14,false,36
602,Tawnya,Burgis,Female,2018-10-10,false,42
603,Annie,Lomax,Female,,,29
604,Esmaria,Nealy,,2019-08-16,true,47
605,Ynes,Beccera,,,false,50
606,Aldis,Suermeiers,Male,2019-08-26,true,35
607,Zack,Cusack,Male,2017-08-19,false,50
608,Simmonds,Swadlin,Male,2017-03-17,false,
609,Hayley,Coffelt,Female,2017-11-21,false,47
610,Mathe,Treble,Male,2017-03-03,true,55
611,Otes,Coolbear,Male,2018-09-19,true,37
612,Nikolai,Zumbusch,Male,2020-07-02,true,62
613,Salmon,Huet,Male,2019-12-27,false,74
614,Vivianne,Van Halle,Female,2018-02-07,true,19
615,Sharia,Thomerson,Female,,true,45
616,Averil,Dartan,Female,2017-12-21,false,57
617,Franzen,Qualtro,Male,2020-07-08,false,32
618,Langston,Farrow,Male,2020-03-16,false,
619,Riobard,McCrackem,Male,2017-12-29,,74
620,Micki,Mostin,Female,2019-10-04,false,31
621,Georg,Hembery,Male,2018-02-13,false,
622,Alverta,Cryer,Female,2017-03-31,true,28
623,Renell,Dible,Female,2017-04-01,false,43
624,Prudence,Segrave,Female,2017-10-03,,26
625,Julie,Attwill,Female,,false,23
626,Lezley,Brosh,Male,2018-11-14,false,47
627,Bridgette,Doornbos,Female,2019-06-09,false,47
628,Derrik,Perello,Male,2018-12-02,true,27
629,Mora,Giles,Female,2018-02-03,false,56
630,Ellynn,Sharram,Female,2020-04-30,true,71
631,Jeni,Scathard,Female,2018-12-16,false,64
632,Polly,Beavan,Female,2019-11-29,true,16
633,Gertrud,Grigoire,Female,2018-06-09,true,20
634,Tracy,Brimilcombe,,2017-09-06,true,25
635,Meryl,Studdert,Male,,true,52
636,Roland,Simms,Male,2018-03-07,true,15
637,Romola,Signoret,Female,2018-06-18,,72
638,Adan,Mackneis,Female,2020-02-02,true,32
639,Wilton,Jowsey,Male,2020-02-05,,68
640,Cecilia,Hendrikse,Female,2017-02-02,true,74
641,Rani,Beeson,Female,2019-09-08,true,55
642,Peterus,Hellwich,Male,,true,67
643,Desi,Dikle,Male,2019-12-21,false,63
644,Florella,Maddock,Female,2017-03-16,false,35
645,Abba,McKevitt,Male,2019-04-09,false,56
646,Dunn,St. Louis,Male,2018-07-08,true,
647,Skipp,Marques,Male,2018-01-24,true,35
648,Galvan,Scutchings,Male,2019-03-24,true,50
649,Dalenna,Prendeville,Female,2018-01-27,true,66
650,Markos,Arthan,Male,2018-07-22,false,38
651,Torry,McWaters,Male,2018-08-08,true,39
652,Ninette,Capron,Female,2017-06-16,false,64
653,Ansell,Thrift,Male,2019-06-30,true,79
654,Suzie,Dionisetto,Female,2020-01-23,false,
655,Evelina,Lillecrop,Female,2017-06-17,true,19
656,Artie,Tangye,Male,2018-08-20,true,21
657,Florella,Trengrouse,Female,2019-11-18,false,56
658,Sarah,Zanetto,Female,2019-04-17,true,71
659,Webster,Myles,Male,2018-04-30,true,
660,Grover,Tilt,Male,2018-08-25,false,31
661,Cooper,Stanbridge,Male,,false,65
662,Dougy,Luna,Male,2019-05-11,true,53
663,Addie,Wassung,Female,2018-02-08,true,42
664,Hurleigh,Redwood,Male,2018-09-26,true,15
665,Peyter,,Male,2019-08-24,true,19
666,Delainey,Binding,Male,2019-06-04,true,69
667,Dyan,Goldhill,Female,,false,61
668,Jud,Darington,Male,2019-06-20,true,
669,Diego,Nobriga,Male,,false,45
670,Liza,Horsewood,Female,2020-06-11,true,78
671,Jordain,Downton,Female,2018-03-25,true,16
672,Lane,Meir,Female,,false,18
673,Mac,Genn,Male,2019-01-30,,45
674,Catha,Hammerson,Female,2018-02-20,false,16
675,Raul,Cornner,Male,2017-07-01,true,73
676,Leelah,McEvilly,Female,2018-01-07,true,53
677,Parry,Hearnah,Male,2016-12-23,false,18
678,Leonard,Hughes,Male,2017-08-22,true,37
679,Ame,Cruickshank,Female,2017-07-04,false,38
680,Phedra,Sand,Female,2017-03-30,true,56
681,Falkner,Taysbil,Male,2018-11-01,true,72
682,Phillie,Seawell,Female,2019-10-17,true,21
683,Deck,Galle,Male,2019-06-28,false,17
684,Bram,Marsh,Male,2020-03-15,true,17
685,,Belch,Female,2017-12-24,false,34
686,Brandy,Lutman,Male,2019-12-09,true,43
687,Randy,Wildbore,Female,2018-10-02,true,
688,Dollie,Ashbee,Female,2019-07-02,false,38
689,Sheffy,,Male,,true,59
690,Elvis,Hafford,Male,2020-02-26,false,42
691,Torry,Selcraig,Male,2018-05-04,false,58
692,Rosaleen,Hasslocher,Female,2017-03-05,false,41
693,Carson,Hughman,Male,2017-04-17,true,26
694,Vidovic,Mueller,Male,,true,51
695,Garner,Hollindale,Male,2017-03-19,,50
696,Emilie,Hollows,Female,2020-06-12,true,48
697,Evanne,Letford,Female,2017-01-16,true,71
698,Peggy,Dozdill,Female,2017-09-18,true,48
699,Reinwald,,Male,2020-04-02,true,79
700,Durand,Redwood,Male,2018-02-21,false,57
701,Lynde,Milkin,Female,2018-07-04,true,35
702,Ursola,Housin,Female,2017-12-31,true,61
703,Filippa,Heyns,Female,2019-07-31,true,80
704,Gillan,Bortol,Female,2019-10-19,true,35
705,Boot,Grutchfield,Male,2020-02-07,true,40
706,Danny,Sives,Male,2019-06-15,true,79
707,Rudy,Tollow,Male,2019-08-19,true,46
708,Ashla,Charrette,Female,2017-05-21,true,
709,Shaylynn,Tolfrey,Female,2018-01-01,false,22
710,Faber,Pinke,Male,2018-01-21,true,27
711,,Janoschek,Male,,true,63
712,Barrie,Oddboy,Male,2020-01-09,false,
713,Fina,Moss,Female,2018-04-16,false,62
714,Holden,Sreenan,Male,2017-06-19,false,41
715,Jessie,Bolam,Female,2019-12-06,true,31
716,Page,Tremblot,Female,2017-04-21,true,71
717,Curr,Whiley,Male,2019-03-20,true,65
718,Cthrine,O' Connell,Female,2017-12-07,false,73
719,Pepe,Notman,Male,2016-12-22,true,39
720,Mora,Espley,Female,2019-11-02,false,
721,Tatiana,Vertey,Female,2018-06-22,true,62
722,Shaun,Duligal,Female,2020-03-14,false,
723,Merline,Hammel,Female,2017-04-18,false,42
724,Danika,Holwell,Female,2019-07-23,false,72
725,Wynnie,Lindop,Female,2019-05-08,false,44
726,Gay,Simister,Female,2017-06-02,true,70
727,Abdul,Kernan,Male,2018-03-12,false,21
728,Erma,Maffia,Female,2020-02-27,false,65
729,Johannes,Buick,Male,2019-11-22,false,37
730,Maye,Shillington,Female,2019-05-17,true,51
731,Kennett,Blincow,Male,2018-07-28,false,72
732,Errick,Dumsday,Male,2017-12-26,false,
733,Noel,,Female,2018-04-28,true,41
734,Zachariah,Brydson,Male,2017-07-25,false,41
735,Felicdad,Caddock,Female,2019-11-29,false,50
736,Margette,Hourstan,Female,2017-09-03,true,
737,Elmore,Hosby,Male,2020-02-06,false,71
738,Levy,Bohlsen,Male,2018-03-14,true,
739,Allianora,Bousfield,Female,2018-04-29,true,78
740,Kristos,Malsher,Male,2018-03-12,false,73
741,,Sexti,Female,2018-11-06,true,76
742,Jonathan,Sweatman,Male,2017-05-09,true,56
743,Boycie,Willingale,Male,2020-06-18,,39
744,Tan,,Male,2020-04-13,,39
745,Nannette,Rubberts,Female,2019-10-29,true,28
746,Lucila,Binny,Female,2018-09-28,false,
747,Helenelizabeth,Maier,Female,2020-05-12,false,57
748,Marylee,Jeyes,Female,2018-03-18,false,77
749,Mellicent,Sivewright,Female,2019-07-05,false,16
750,Clemmie,Cringle,Male,2018-05-21,true,34
751,Atlanta,Ryding,Female,2020-04-01,false,29
752,Arch,Boobyer,,,false,57
753,Lonnie,,Female,2019-07-05,false,78
754,Chane,Lemmer,,2020-03-12,true,80
755,Paulita,Vedikhov,Female,2019-05-05,false,78
756,Alic,Ackery,Male,2020-06-23,false,51
757,Isobel,,,2017-10-14,false,69
758,Bethany,,Female,2018-03-31,false,49
759,Kalila,Wetwood,Female,2020-02-09,false,
760,Torie,Comber,Female,2019-05-11,true,66
761,Clareta,Carter,Female,,true,44
762,Sidnee,Baldinotti,Male,2018-09-24,,55
763,Cody,Angel,Male,2017-06-28,true,45
764,Adena,Dimitresco,Female,2018-03-31,true,69
765,Adolphe,Tuminelli,Male,2020-01-01,true,
766,Pooh,Bote,Male,2018-04-12,,26
767,Christoffer,Catherall,Male,,false,16
768,Raffarty,Wooler,Male,2019-12-08,false,48
769,Rosaleen,Sarsons,Female,2018-10-24,false,41
770,Riordan,Betterton,Male,2019-11-17,true,19
771,Gifford,,Male,2019-04-19,false,27
772,Joyan,Giacomucci,,2018-05-09,true,
773,Daisie,Wardrop,Female,2017-05-15,true,63
774,Frederic,Cockram,Male,2018-02-10,false,51
775,Enrica,Pickthorne,Female,2019-04-15,false,
776,Xylina,Immins,Female,2018-02-23,true,73
777,Brear,Lesmonde,Female,2019-06-26,true,40
778,Pammi,OIlier,Female,2017-04-26,false,48
779,Analise,,Female,2020-01-31,true,
780,Josepha,Overell,Female,2018-01-13,true,52
781,Skip,Clowney,Male,2017-02-24,true,78
782,Kara-lynn,Teager,Female,2019-01-08,false,21
783,Gwyn,Louch,Female,2020-06-04,true,78
784,Ysabel,Moakler,Female,2019-03-23,false,69
785,Giorgio,Priel,Male,2017-05-24,true,21
786,Marcelle,Beggan,Female,2018-08-17,true,25
787,Giff,O'Criane,Male,2017-01-31,false,
788,Celene,Yallowley,Female,2018-01-27,true,58
789,Cello,Appleby,Male,2020-05-08,false,72
790,Robinson,Jantzen,Male,2018-04-18,true,16
791,Byrle,Betke,Male,2018-03-26,false,34
792,Bernhard,Filimore,Male,2018-09-19,false,
793,Sergio,Drewson,Male,2019-12-10,true,72
794,Gillian,Klishin,Female,2016-12-20,false,30
795,Antonie,Gotcliffe,Female,2018-08-21,false,52
796,Teador,Chennells,Male,2018-03-30,,32
797,Joanne,Spall,Female,2018-04-20,false,73
798,Jehu,Glassborow,Male,2019-07-29,false,27
799,Fairlie,Sumpton,Male,2018-09-01,true,
800,Gwen,Worswick,Female,2019-12-02,true,21
801,Costa,Ghilks,Male,2017-09-09,false,49
802,Rock,Filipczynski,Male,2017-05-05,false,77
803,Marguerite,Benez,Female,2017-07-07,false,38
804,Ellsworth,Fissenden,Male,2019-12-04,true,41
805,Valdemar,Hallsworth,Male,2018-08-09,false,62
806,Becca,McInnes,Female,2018-04-22,false,30
807,Carlen,Tant,Female,2019-07-02,true,34
808,Mareah,Spavon,Female,2017-06-26,true,41
809,Hayward,Dalrymple,Male,2018-05-25,false,64
810,Flin,Nice,Male,2017-07-18,true,45
811,Kathryne,Rosenfelder,Female,,true,69
812,Gerard,Adamski,Male,2018-11-14,false,
813,Rachel,Brammer,Female,2019-05-27,true,79
814,Kellyann,Kier,Female,2017-08-07,true,26
815,Ketty,Brimicombe,Female,2018-12-18,false,37
816,Jilleen,Gainsburgh,Female,2020-01-12,true,15
817,Zacharia,Cullity,Male,2020-06-22,,
818,Glennie,Jelley,Female,2018-10-28,false,66
819,Rahal,Kew,Female,2019-06-07,false,34
820,Ogden,Yurikov,Male,,true,22
821,Archibaldo,MacCague,Male,,true,56
822,Colet,Atto,Male,2019-10-10,true,29
823,Valencia,Cecchetelli,Female,,,22
824,Michal,Greggersen,Female,2018-10-11,true,
825,Marlyn,Dumberrill,Female,2019-09-14,false,65
826,Hamlin,Edwick,Male,2020-03-01,true,57
827,Massimo,McKoy,Male,2017-05-17,false,24
828,Karlyn,Han,Female,2019-06-16,false,76
829,Muire,Domm,Female,2019-11-14,true,32
830,Cal,Cast,Male,2020-06-06,true,42
831,Kara,Starcks,Female,2018-03-15,true,72
832,Wake,De Bruijn,Male,2018-11-27,false,67
833,Dall,Mathen,Male,2019-12-16,true,42
834,Harriet,Weyland,Female,2017-06-02,true,69
835,Alberto,Traske,Male,2019-07-20,true,35
836,Dom,Sancraft,Male,2020-06-28,false,
837,Mona,Hanton,Female,2019-12-23,false,
838,Dacey,Bantham,Female,2017-02-13,false,49
839,Gabriell,McKyrrelly,Female,2020-02-22,true,
840,Renault,Camber,Male,2017-08-14,true,25
841,Sergeant,MacAless,Male,2016-12-08,false,39
842,Gwendolen,Allin,Female,2017-05-29,false,23
843,Gamaliel,Curnok,Male,,true,73
844,Amara,,Female,2018-05-13,false,18
845,Frankie,Franklyn,Female,2018-02-24,false,28
846,Siouxie,Pegrum,Female,,true,41
847,Sigismond,Mossbee,Male,2020-03-31,,23
848,Aluino,Gammell,Male,2017-11-07,true,69
849,Winni,Douglass,Female,2017-02-04,false,65
850,Gorden,Sharple,Male,,true,29
851,,Slimming,Female,2017-12-08,true,54
852,Kalil,Darrell,Male,2017-02-03,false,70
853,Gusella,Mellem,Female,2017-11-25,false,30
854,Kaiser,Mc Queen,Male,2018-09-03,false,
855,Yettie,Dumbrell,Female,2017-03-17,true,58
856,Madelin,McClarence,Female,2020-01-12,false,46
857,Lennard,Cawson,Male,2017-04-12,false,25
858,Agathe,Drieu,Female,2018-07-16,false,67
859,Roth,Mabbutt,Male,2020-02-15,false,
860,Rosemonde,Laurant,Female,2019-01-29,false,15
861,Bale,Gething,Male,2018-05-02,true,34
862,Maison,Duffan,,2017-03-24,false,33
863,Rayner,Fortesquieu,Male,2019-02-17,false,51
864,Koren,Samuel,Female,,false,67
865,,Gutman,Female,2018-09-10,true,38
866,Westley,Stannas,Male,2017-07-19,true,48
867,Grove,Minto,Male,2017-04-26,true,57
868,Davin,Fawson,Male,2019-05-07,false,23
869,Donavon,Smithies,Male,2018-06-23,false,65
870,Dennis,Hallaways,Male,2018-09-19,false,
871,Teri,Rupprecht,Female,2017-09-09,true,24
872,Fonzie,Revening,Male,2020-02-05,false,32
873,Eberhard,Nissle,Male,2019-05-05,false,74
874,Kelly,Drummond,Male,2017-07-17,,59
875,Noach,Manie,Male,2018-10-11,false,31
876,Robinet,Raynton,Male,2019-02-10,false,38
877,Kermit,McFeate,Male,2019-11-02,,60
878,Elbert,Bonnick,Male,2018-02-18,true,72
879,Keefer,Morritt,Male,2020-05-25,true,
880,Ernie,Hutson,Male,2018-06-29,true,55
881,Izzy,Molden,,,false,37
882,Whitby,,Male,2019-10-23,false,72
883,Barty,Edowes,Male,2018-03-31,false,49
884,Ciel,Darton,Female,2018-03-30,false,77
885,Astra,Atherley,Female,,false,40
886,Willi,Delucia,Female,2017-03-17,false,63
887,Floris,Croall,Female,2019-03-03,true,31
888,Oren,Karpov,Male,2018-01-27,false,
889,Tito,Ivantyev,Male,2018-06-04,true,56
890,Jilly,Stennings,Female,2018-06-28,false,
891,Mohammed,Wellfare,Male,2017-09-03,false,
892,Rudiger,Balharry,Male,2019-08-12,true,
893,Luigi,Picker,Male,2017-05-03,true,78
894,Brennen,Jayne,Male,2020-01-09,false,35
895,Frasier,Cowup,Male,2019-09-02,false,
896,Micah,Chattoe,Male,2019-09-19,true,55
897,Nessy,Torry,Female,2017-03-17,false,
898,Donnamarie,Sharnock,Female,2019-09-16,false,68
899,Mackenzie,Lennox,Male,2018-08-09,false,54
900,Bernardina,Balwin,Female,2019-04-17,false,70
901,Fergus,Highton,Male,2017-06-03,true,77
902,Carson,Bahia,Male,2017-02-10,true,70
903,Toby,Ong,Male,2017-05-05,true,20
904,Becca,Schenfisch,Female,2017-07-09,false,28
905,Sasha,Ovitz,Male,2019-03-15,false,29
906,Antonino,Widdecombe,Male,2017-04-14,false,
907,Rianon,Hellicar,Female,2019-04-28,true,
908,Cyril,Albone,Male,2018-09-29,true,56
909,Freddi,Gittose,Female,2018-12-02,false,53
910,Erinn,Pickover,Female,2018-02-16,false,21
911,Johnny,Kaspar,Male,2018-04-24,false,50
912,Lavena,Laxson,Female,2017-05-23,false,47
913,Miriam,Verring,Female,2019-07-17,true,79
914,Rubetta,Stanning,Female,2019-09-03,true,16
915,Loren,Bardey,Female,2017-03-09,false,30
916,Trudie,,,2018-12-23,false,34
917,Grissel,Rase,Female,2016-12-09,true,76
918,Anna-diane,Ulyat,Female,,true,
919,Pauline,Betke,Female,2019-07-03,true,61
920,Mariam,Pexton,Female,2019-01-20,false,29
921,Kelsy,MacGinney,Female,2017-01-07,false,48
922,Thornton,Balsdon,Male,2019-11-28,true,27
923,Bobina,Thwaite,Female,2019-10-16,,80
924,Howard,Giacubo,,2017-02-16,false,
925,Willey,Reynolds,Male,2017-12-13,true,62
926,Stanley,Palfreeman,Male,2020-01-21,true,64
927,Kayla,Garrique,Female,2017-02-13,true,58
928,Padriac,Firbanks,Male,,true,33
929,Burnaby,Iohananof,Male,2019-02-26,,52
930,Helenka,Clelle,Female,2018-01-15,false,33
931,Maybelle,Jochen,Female,,false,42
932,Rhett,Robbeke,Male,2019-03-18,false,43
933,Anthiathia,Damsell,Female,2020-05-12,false,56
934,Fan,Banting,Female,,false,65
935,Lorena,Clemmett,,2019-02-24,,69
936,Laura,Elsdon,Female,2017-07-08,false,42
937,Melina,Fellgatt,Female,2020-01-02,true,46
938,Jayson,O' Loughran,Male,2019-02-15,false,49
939,Loraine,,Female,2017-03-15,false,62
940,Ruben,Midgley,Male,,false,74
941,Tuckie,Weymouth,Male,2019-03-28,true,19
942,Carrol,Puve,Male,2019-08-21,false,37
943,Axel,Coronado,Male,2019-07-18,false,50
944,Luce,Grimshaw,Male,2018-02-14,false,54
945,Kenyon,Fronsek,Male,,false,18
946,Tremayne,Clinning,Male,2019-12-14,true,52
947,Clio,Sammes,Female,2020-06-29,false,15
948,Gina,Greensitt,Female,2018-07-21,false,16
949,Riannon,Aubin,Female,2019-09-06,,48
950,Nathalie,Covendon,Female,,true,26
951,Del,Tailby,Male,2019-05-17,false,52
952,Julee,Croyser,Female,,true,
953,Corey,Jacobovitch,Male,2017-03-23,,20
954,Rodolphe,Clinkard,Male,2019-05-16,true,45
955,Raphael,Baldrey,Male,2019-05-18,false,26
956,Ferd,Kauble,Male,2019-10-27,false,
957,Cynthia,Triplett,Female,2020-04-26,false,48
958,Jordan,Spinks,Female,2017-03-03,,77
959,Hilliard,Tummasutti,Male,2019-03-21,true,66
960,Bordie,Wardle,Male,2017-04-25,true,72
961,Augusto,Pie,Male,2019-09-06,true,24
962,Torey,Hinsch,Male,,true,62
963,Jeana,Broddle,Female,2017-01-19,true,59
964,Beverlie,Gaunt,Female,2018-03-01,false,77
965,Alverta,Longbothom,Female,2018-01-31,true,80
966,Carl,MacMearty,Male,2017-05-31,,27
967,Ethe,Glendza,Male,2019-04-15,true,17
968,Ashby,Nesby,Male,2018-05-12,true,77
969,Zoe,Crumby,Female,2020-05-25,false,53
970,Peadar,Scrancher,Male,2019-12-18,true,
971,Desdemona,Brenton,Female,2019-12-13,,54
972,Laverne,Easom,Female,2017-11-28,true,31
973,Arni,Steinham,Male,2020-01-12,true,21
974,Biddy,Chate,Female,2017-07-20,,49
975,Colan,Kuhndel,Male,2019-07-16,false,55
976,Aggi,Somner,Female,2020-03-13,true,69
977,Frederick,Guilliland,Male,2019-09-26,true,67
978,Petey,Lodwig,Male,2018-01-04,false,77
979,Charisse,Allsworth,Female,,false,55
980,Yorke,Ambrus,Male,2019-09-18,false,38
981,Boote,Leates,Male,2020-05-31,false,75
982,Aimil,Tanswill,Female,2019-11-20,true,78
983,Ruttger,Paulet,Male,2020-05-22,false,54
984,Suzy,Tunny,Female,2019-02-04,true,35
985,Meagan,MacConchie,Female,2017-12-28,true,27
986,Frans,Baron,Male,2017-07-09,false,78
987,Trenton,McCormick,Male,2019-10-28,,56
988,Sunny,Spradbery,Male,2019-05-14,false,71
989,Talyah,Alberts,Female,2019-06-24,false,45
990,Janelle,Woolford,Female,2018-08-03,false,75
991,,Western,Male,2017-01-09,false,48
992,Amil,Johnstone,Female,2017-08-21,false,71
993,Robin,Ackerley,Male,2019-01-15,false,35
994,Ottilie,Dugall,Female,2017-01-11,true,64
995,Sinclare,Nother,Male,,false,55
996,Susan,Gillmor,Female,2019-06-03,false,47
997,Marisa,Richen,Female,2018-09-16,true,51
998,Euell,,Male,2017-05-26,true,23
999,Arlan,Dixcee,Male,2020-01-12,false,
1000,Thalia,Crenshaw,,2017-06-09,true,79
